{
  "Total" : {
    "transaction" : "Total",
    "sampleCount" : 489,
    "errorCount" : 0,
    "errorPct" : 0.0,
    "meanResTime" : 210.0920245398776,
    "medianResTime" : 250.0,
    "minResTime" : 6.0,
    "maxResTime" : 613.0,
    "pct1ResTime" : 262.0,
    "pct2ResTime" : 267.0,
    "pct3ResTime" : 567.5000000000001,
    "throughput" : 0.006044820377606208,
    "receivedKBytesPerSec" : 0.019665222658177252,
    "sentKBytesPerSec" : 0.001648715776520098
  },
  "Home Page" : {
    "transaction" : "Home Page",
    "sampleCount" : 186,
    "errorCount" : 0,
    "errorPct" : 0.0,
    "meanResTime" : 258.74731182795705,
    "medianResTime" : 251.0,
    "minResTime" : 242.0,
    "maxResTime" : 567.0,
    "pct1ResTime" : 260.0,
    "pct2ResTime" : 268.6,
    "pct3ResTime" : 531.3299999999998,
    "throughput" : 3.1027925132619356,
    "receivedKBytesPerSec" : 2.963409255830247,
    "sentKBytesPerSec" : 0.9302317398158343
  },
  "Login Request" : {
    "transaction" : "Login Request",
    "sampleCount" : 120,
    "errorCount" : 0,
    "errorPct" : 0.0,
    "meanResTime" : 61.499999999999986,
    "medianResTime" : 30.0,
    "minResTime" : 6.0,
    "maxResTime" : 613.0,
    "pct1ResTime" : 99.90000000000018,
    "pct2ResTime" : 457.2999999999978,
    "pct3ResTime" : 609.6399999999999,
    "throughput" : 0.013665494432962265,
    "receivedKBytesPerSec" : 0.12739336900103299,
    "sentKBytesPerSec" : 0.002508899368551666
  },
  "Page Returning 404" : {
    "transaction" : "Page Returning 404",
    "sampleCount" : 183,
    "errorCount" : 0,
    "errorPct" : 0.0,
    "meanResTime" : 258.0765027322404,
    "medianResTime" : 254.0,
    "minResTime" : 242.0,
    "maxResTime" : 578.0,
    "pct1ResTime" : 264.6,
    "pct2ResTime" : 266.79999999999995,
    "pct3ResTime" : 568.76,
    "throughput" : 3.1292749658002736,
    "receivedKBytesPerSec" : 5.036176898084816,
    "sentKBytesPerSec" : 0.9503950335584815
  }
}