{
  "Total" : {
    "transaction" : "Total",
    "sampleCount" : 469,
    "errorCount" : 0,
    "errorPct" : 0.0,
    "meanResTime" : 216.89552238806004,
    "medianResTime" : 250.0,
    "minResTime" : 7.0,
    "maxResTime" : 613.0,
    "pct1ResTime" : 262.0,
    "pct2ResTime" : 267.0,
    "pct3ResTime" : 568.5,
    "throughput" : 0.0058049030265576165,
    "receivedKBytesPerSec" : 0.017382363996011077,
    "sentKBytesPerSec" : 0.0016053483880935373
  },
  "Home Page" : {
    "transaction" : "Home Page",
    "sampleCount" : 186,
    "errorCount" : 0,
    "errorPct" : 0.0,
    "meanResTime" : 258.74731182795705,
    "medianResTime" : 251.0,
    "minResTime" : 242.0,
    "maxResTime" : 567.0,
    "pct1ResTime" : 260.0,
    "pct2ResTime" : 268.6,
    "pct3ResTime" : 531.3299999999998,
    "throughput" : 3.1027925132619356,
    "receivedKBytesPerSec" : 2.963409255830247,
    "sentKBytesPerSec" : 0.9302317398158343
  },
  "Login Request" : {
    "transaction" : "Login Request",
    "sampleCount" : 100,
    "errorCount" : 0,
    "errorPct" : 0.0,
    "meanResTime" : 63.690000000000005,
    "medianResTime" : 30.0,
    "minResTime" : 7.0,
    "maxResTime" : 613.0,
    "pct1ResTime" : 152.1000000000005,
    "pct2ResTime" : 511.44999999999715,
    "pct3ResTime" : 612.8399999999999,
    "throughput" : 0.011521657201433248,
    "receivedKBytesPerSec" : 0.10740794887195486,
    "sentKBytesPerSec" : 0.002115304251825635
  },
  "Page Returning 404" : {
    "transaction" : "Page Returning 404",
    "sampleCount" : 183,
    "errorCount" : 0,
    "errorPct" : 0.0,
    "meanResTime" : 258.0765027322404,
    "medianResTime" : 254.0,
    "minResTime" : 242.0,
    "maxResTime" : 578.0,
    "pct1ResTime" : 264.6,
    "pct2ResTime" : 266.79999999999995,
    "pct3ResTime" : 568.76,
    "throughput" : 3.1292749658002736,
    "receivedKBytesPerSec" : 5.036176898084816,
    "sentKBytesPerSec" : 0.9503950335584815
  }
}